value,Dim1,Dim2,Dim3,Dim4,Dim5,Dim6,variable,family,order
Abacionidae (millipedes),1.8923456309811768,-0.5442934835919699,0.40105940458785927,-0.559578846029075,-2.3918900754803394,-3.9476186872097316,family,Abacionidae,Callipodida
Abacionidae (millipedes),1.8923456309811768,-0.5442934835919699,0.40105940458785927,-0.559578846029075,-2.3918900754803394,-3.9476186872097316,family,Abacionidae,Diplopoda
Acanaloniidae (Acanaloniid planthoppers),-0.9626766316231461,-4.2019986264187095,-0.12796661326578676,-1.1929878037440789,2.449549182231312,0.7477292922851557,family,Acanaloniidae,Hemiptera
Acrididae (short horned grasshoppers),-0.9626766316231511,-4.201998626418713,-0.12796661326579045,-1.1929878037440789,2.44954918223132,0.747729292285154,family,Acrididae,Orthoptera
Aderidae (antlike leaf beetles),-1.0800186486143901,-0.09967870646966084,0.23056632535246102,2.1455497320510535,-1.0775834700160076,0.6518684551899191,family,Aderidae,Coleoptera
Agelenidae (funnel weavers),1.4553063323470856,-0.4723119034200541,0.30133217930578915,0.21758079861864868,-0.25747393978096106,-0.2917266882457827,family,Agelenidae,Araneae
Agromyzidae (leaf miner flies),-1.0645837437869397,-0.5968851190741021,-0.9028151247348383,1.0526299024362265,1.1664956778716387,0.8059216348831204,family,Agromyzidae,Diptera
Aleyrodidae (whiteflies),-0.9376690325825785,5.355155166009261,-7.0306258160992305,-4.207039954744755,4.951999633122889,2.1161861144218275,family,Aleyrodidae,Hemiptera
Alydidae (broad-headed bugs),-0.9224174684311522,-2.259541404428765,0.7322693769728018,-1.1446040557632373,-1.0971163429695558,0.8056292519813574,family,Alydidae,Hemiptera
Amphipsocidae (hairy-winged barklice),-0.9626766316231503,-4.201998626418711,-0.12796661326578457,-1.1929878037440764,2.4495491822313102,0.7477292922851574,family,Amphipsocidae,Psocodea
Anisolabididae (earwigs),1.3948143130218995,0.23854432577018747,-1.0911003449743255,-0.3322122006996609,-0.25396449757851897,1.0628703148782443,family,Anisolabididae,Dermaptera
Anisolabididae (earwigs),1.3948143130218995,0.23854432577018747,-1.0911003449743255,-0.3322122006996609,-0.25396449757851897,1.0628703148782443,family,Anisolabididae,Hemiptera
Anisopodidae (wood gnats),-1.0899666860278112,-1.787293176090774,0.32274701353803986,2.1045638738724204,0.40939488682138825,0.5438687389753436,family,Anisopodidae,Diptera
Anobiidae (death watch beetles),-0.39869241273829065,-0.6184335182103229,-0.4142513442827195,0.32571554085157584,-0.10696088165945035,0.053693981815879276,family,Anobiidae,Coleoptera
Anthicidae (antlike flower beetles),-0.6973457815067802,-0.826126227596022,1.8189776994622262,-1.8095927085329713,1.30528469415917,-3.221000108016263,family,Anthicidae,Coleoptera
Anthocoridae (minute pirate bugs),-1.0168496682128845,-0.800246199768128,-0.29540262566809355,0.4134998776688593,-0.020841023140605406,0.814350339867316,family,Anthocoridae,Hemiptera
Anthocoridae (minute pirate bugs),-1.0168496682128845,-0.800246199768128,-0.29540262566809355,0.4134998776688593,-0.020841023140605406,0.814350339867316,family,Anthocoridae,Diptera
Anthomyiidae (root maggot flies),-1.2172567404324723,0.6274122742371651,0.7734606403418639,5.402115551488918,-1.6307594085885349,0.3400081856655282,family,Anthomyiidae,Diptera
Anthophila (Apoidea) (bees),-0.9057457357374376,4.111894457189884,-3.8695034249161635,-3.1539721564303567,0.571183957624829,1.7179338000724704,family,Anthophila,Hymenoptera
Anthribidae (fungus weevils),-1.1217891996289766,-1.1836168135087888,0.43542542023899533,2.9289517932765454,-0.10064368703109249,0.49290360064788996,family,Anthribidae,Coleoptera
Anyphaenidae (ghost spiders),-0.5664402385795444,-0.9343417706002357,0.48166332614794755,0.20661010932169413,-1.5164356007873725,0.7827075393634614,family,Anyphaenidae,Araneae
Aphelinidae (chalcid wasp),-0.9224174684311522,-2.259541404428765,0.7322693769728018,-1.1446040557632373,-1.0971163429695558,0.8056292519813574,family,Aphelinidae,Hymenoptera
Aphididae (aphids),-0.12433838904236222,-0.21944946776571636,0.5967124290472811,2.7430861663121635,0.2734341530533434,0.5920285069709597,family,Aphididae,Hemiptera
Apidae (bees),-0.5590864061823815,0.6975213579817007,-2.8917205954157046,-2.6815339151958857,2.522983748411794,-16.5377216844892,family,Apidae,Hymenoptera
Aradidae (flat bugs),4.931484297118419,3.6148117814469902,12.282583279474755,-1.8794140931996657,9.459389893884298,0.76547858046484,family,Aradidae,Hemiptera
Araneidae (orb weavers),-0.17547110106861236,-0.7900685360343234,-0.9620796645339147,-0.09151847784072493,0.8961797313236775,0.9298158126212765,family,Araneidae,Araneae
Armadillidiidae (pillbugs),1.1716704482631033,0.42297469824436223,-0.47188376704681856,0.15585257457336324,-0.0799029338616887,0.10281899474505447,family,Armadillidiidae,Isopoda
Asilidae (robber flies),-0.9626766316231503,-4.201998626418711,-0.12796661326578457,-1.1929878037440764,2.4495491822313102,0.7477292922851574,family,Asilidae,Diptera
Berothidae (beaded lacewings),8.94944731939747,-0.2740440442715228,-1.166280927551332,1.4198387770725007,-0.35501707779123254,1.0414567795057208,family,Berothidae,Neuroptera
Berytidae (stilt bugs),-0.9626766316231503,-4.201998626418711,-0.12796661326578457,-1.1929878037440764,2.4495491822313102,0.7477292922851574,family,Berytidae,Hemiptera
Bethylidae (cuckoo wasps),-0.5025331198723945,-2.1524390728889795,-0.030122873787336503,-0.40622653947141324,0.4294121816128164,0.8031569675267745,family,Bethylidae,Hymenoptera
"Bibionidae (march flies, lovebugs)",-0.9631803132966676,-0.8174960014909206,0.4223299723851807,-0.24635697329111655,-1.6103377447134257,0.8289061890205307,family,Bibionidae,Diptera
Biphyllidae (false skin beetles),-0.9626766316231503,-4.201998626418711,-0.12796661326578457,-1.1929878037440764,2.4495491822313102,0.7477292922851574,family,Biphyllidae,Coleoptera
Blattellidae (cockroaches),0.35628294056446497,-0.31152458730210386,0.5884334507345305,-0.6919811896809508,0.47109692810101944,0.9384593192061752,family,Blattellidae,Blattodea
Blattidae (cockroaches),0.5395851717341841,0.38857920921654643,0.657309954099723,-0.3904130451089543,0.1772423483544898,0.10701668661926558,family,Blattidae,Blattodea
Blissidae (true bugs),-0.8418991420471568,1.625373039551129,2.452741357449975,-1.0478365598015575,-8.190447393371288,0.9214291713737578,family,Blissidae,Hemiptera
Bostrichidae (horned powder-post beetles),-0.9626766316231503,-4.201998626418711,-0.12796661326578457,-1.1929878037440764,2.4495491822313102,0.7477292922851574,family,Bostrichidae,Coleoptera
Braconidae (parasitoid wasps),-0.9729326515395915,-0.44807974939120826,-0.27719192605316434,-0.40785385275333647,-0.7082502000884033,0.9159086090267623,family,Braconidae,Hymenoptera
Buprestidae (metallic wood-boring beetles),-0.8418991420471568,1.625373039551129,2.452741357449975,-1.0478365598015575,-8.190447393371288,0.9214291713737578,family,Buprestidae,Coleoptera
Caeciliusidae (lizard barklice),-0.9022878868351529,-1.2883127934337917,1.1623873720920954,-1.120412181772817,-2.8704491055699894,0.8345792318294577,family,Caeciliusidae,Psocodea
Calliphoridae (blow flies),-0.3179199907489683,-1.1202340560897985,-0.14437780472558948,-0.15850097045125155,-0.32303260861476873,0.855738189226459,family,Calliphoridae,Diptera
Cambalidae (millipedes),8.94944731939747,-0.2740440442715228,-1.166280927551332,1.4198387770725007,-0.35501707779123254,1.0414567795057208,family,Cambalidae,Spirostreptida
Cantharidae (soldier beetles),0.5832689815430689,-1.535084987454232,0.07457569002314429,1.990443024405767,0.2819928927192848,0.6268000790637396,family,Cantharidae,Coleoptera
Carabidae (ground beetles),2.439863754018709,0.2306042857059156,0.6494165099906414,-0.6107036850111817,0.5193714065431904,-0.9433393351762247,family,Carabidae,Coleoptera
Carnidae (acalyptrate flies),-0.9626766316231503,-4.201998626418711,-0.12796661326578457,-1.1929878037440764,2.4495491822313102,0.7477292922851574,family,Carnidae,Diptera
Cecidomyiidae (gall midges),-0.5043614327618124,0.705972854163105,-0.5446894840358448,0.0713432697514459,0.34243662926690255,-0.09794958008067903,family,Cecidomyiidae,Diptera
Cerambycidae (longhorned beetles),-0.8927994041875348,0.09733605383430774,0.5387979034836997,-1.447242907220531,-3.183509976337738,0.9962799831273432,family,Cerambycidae,Coleoptera
Ceraphronidae (parasitic wasps),0.27633886225442733,-3.7110043036503146,-0.25775590255147807,-0.8663844811420046,2.0989783997284928,0.7844452281877277,family,Ceraphronidae,Hymenoptera
Ceratopogonidae (biting midges),-1.009586535402429,-0.37819504989331026,-0.1284209848760175,0.4421286815152493,-0.7469168727975843,0.8265166539455241,family,Ceratopogonidae,Diptera
Cercopidae (spittlebugs),-1.2150858854895832,-2.119946764528762,-0.23701322549799833,4.254547910969245,2.5959575484156407,0.35006174373926735,family,Cercopidae,Hemiptera
Chalcididae (Chalcid wasps),-0.9142591231520808,-0.822090027626525,-0.02303352460155533,-1.5153126061407172,-1.2276432272582178,0.9839238497104664,family,Chalcididae,Hymenoptera
Chaoboridae (phantom midges),-1.0565878327214162,0.2193882534264951,-1.5886293296926202,0.6171708493740318,1.4974406466159975,0.9469069665502171,family,Chaoboridae,Diptera
Chernetidae (pseudoscorpions),-0.9626766316231503,-4.201998626418711,-0.12796661326578457,-1.1929878037440764,2.4495491822313102,0.7477292922851574,family,Chernetidae,Pseudoscorpiones
Chironomidae (non biting midges),-0.8282745240323756,-0.3814153810674827,-0.5676615409649877,1.072159255235758,0.29156012270187337,0.2272925004249681,family,Chironomidae,Diptera
Chloropidae (frit flies),-1.0585093650945825,0.04413677502580769,-1.0828964260730762,0.9330923646421346,0.827431256008679,0.8701781641008101,family,Chloropidae,Diptera
Chrysididae (cuckoo wasps),-1.1748267222975852,-0.1774895425388149,0.6232227647405885,4.302931658950085,-0.9507079767852262,0.40796170343546756,family,Chrysididae,Hymenoptera
Chrysomelidae (leaf beetles),-0.936528304321036,-1.1378684801116292,0.4604196102778929,-0.8232463184897936,-1.576991105117104,0.8629416991575053,family,Chrysomelidae,Coleoptera
Chrysopidae (green lacewings),-0.516136952412793,-1.259795626307602,-0.3867206387899185,0.2995392733991848,0.4754891090541199,0.8147010601138052,family,Chrysopidae,Neuroptera
Chthoniidae (pseudoscorpions),3.993385343887159,-2.2380213353451173,-0.6471237704085582,0.11342548666421215,1.047266052220039,0.8945930358954394,family,Chthoniidae,Pseudoscorpiones
Chyromyidae (acalyptrate flies),-0.9626766316231503,-4.201998626418711,-0.12796661326578457,-1.1929878037440764,2.4495491822313102,0.7477292922851574,family,Chyromyidae,Diptera
Cicadellidae (leafhoppers),-0.7121663864614457,-0.1679677414724595,-0.5987403634659028,1.2018638643106019,0.16448765050031464,0.20742561508918825,family,Cicadellidae,Hemiptera
Cicadidae (cicadas),-0.9626766316231503,-4.201998626418711,-0.12796661326578457,-1.1929878037440764,2.4495491822313102,0.7477292922851574,family,Cicadidae,Hemiptera
Cimicidae (bed bugs),-0.9626766316231503,-4.201998626418711,-0.12796661326578457,-1.1929878037440764,2.4495491822313102,0.7477292922851574,family,Cimicidae,Hemiptera
Cixiidae (cixiid planthoppers),-0.932482259229152,-2.745155709926252,0.5172103794131554,-1.1566999927584474,-0.21044996166933935,0.7911542620573075,family,Cixiidae,Hemiptera
Clambidae (minute beetles),-0.9626766316231503,-4.201998626418711,-0.12796661326578457,-1.1929878037440764,2.4495491822313102,0.7477292922851574,family,Clambidae,Coleoptera
Cleridae (checkered beetles),-0.8972863670270389,0.623117965051803,-0.21814446847459376,-1.723222611972953,-2.3699590153916743,1.1082705962567918,family,Cleridae,Coleoptera
Clubionidae (sac spiders),-1.11412218394301,-2.952767509284743,-0.19339458060511228,2.0755336250839163,2.5373942019419093,0.5091287631576233,family,Clubionidae,Araneae
Coccinellidae (ladybugs),-0.6126366369456321,-1.0365716148504716,1.6828446391859666,-0.6140770681514992,-0.2717826562839099,-0.46234722513018806,family,Coccinellidae,Coleoptera
"Coccoidea (scales, mealybugs)",-1.2067500191427258,1.0657711662805616,-2.53789962644248,3.2498638606356867,3.430107698712833,0.8062140177848233,family,Coccoidea,Hemiptera
Coenagrionidae (narrow-winged damselflies),-0.9626766316231503,-4.201998626418711,-0.12796661326578457,-1.1929878037440764,2.4495491822313102,0.7477292922851574,family,Coenagrionidae,Odonata
Coniopterygidae (dustywings),-1.0240097795489924,-0.7697420376640239,-0.3865145005281054,0.509369381383964,0.1572594820112311,0.8130860341196827,family,Coniopterygidae,Neuroptera
Coreidae (leaf-footed bugs),-0.6097178173540657,-0.3085970321647295,5.042171726933906,-1.8088839157178633,1.7069249375851976,0.7625911001711576,family,Coreidae,Hemiptera
"Corinnidae (antmimics, ground spiders)",0.6487514783237169,0.002813872362144844,1.7040166057317518,-0.18248634149336,-0.3241158834109667,0.8451167661443398,family,Corinnidae,Araneae
Corylophidae (minute hooded beetles),-0.9626766316231503,-4.201998626418711,-0.12796661326578457,-1.1929878037440764,2.4495491822313102,0.7477292922851574,family,Corylophidae,Coleoptera
Cryptophagidae (silken fungus beetles),-1.0199736074506291,-2.2130098577954307,0.4091751761492023,0.6551132664809235,0.13390828749217581,0.6537734159006605,family,Cryptophagidae,Coleoptera
Ctenidae (wandering spiders),-0.9376690325825785,5.355155166009261,-7.0306258160992305,-4.207039954744755,4.951999633122889,2.1161861144218275,family,Ctenidae,Araneae
Culicidae (mosquitoes),-0.7000286769978039,-0.22076845461761951,0.03028363184479406,0.3180778819453079,-1.2961392076451563,0.3321165678579796,family,Culicidae,Diptera
Cupedidae (reticulated beetles),-0.8418991420471568,1.625373039551129,2.452741357449975,-1.0478365598015575,-8.190447393371288,0.9214291713737578,family,Cupedidae,Coleoptera
Curculionidae (snout & bark beetles),0.21222078501380012,-0.12113086525465287,-0.3008858104409254,-0.8165784898434572,-0.4413628209229826,1.0095066530972079,family,Curculionidae,Coleoptera
Cydnidae (burrowing bugs),0.4193729605839053,-0.6921237526284585,0.97950782283896,-1.4650300892608519,1.468300828372485,0.9719317513550995,family,Cydnidae,Hemiptera
Cynipidae (gall wasps),-0.9626766316231502,-4.201998626418713,-0.127966613265785,-1.1929878037440775,2.4495491822313116,0.7477292922851575,family,Cynipidae,Hymenoptera
Delphacidae (Delphacid planthoppers),0.4459083328717864,0.049381372799568335,-1.834407549872409,-1.7832018863187034,1.1093230964572958,-5.504829300449499,family,Delphacidae,Hemiptera
Derbidae (derbid planthopppers),2.3497005517305807,0.29303749843967514,-2.7749577856387826,-1.3267296604721106,2.3488439125209886,1.3017907287375685,family,Derbidae,Hemiptera
Dermestidae (carpet beetles),-0.5251558480678216,1.056591350477028,0.10571553223346195,-0.3152755586590927,-0.4512989230022134,-0.025220121782033342,family,Dermestidae,Coleoptera
Diapriidae (parasitic wasps),1.1245161591350321,-2.081658436129348,-0.005157101703053045,0.554968580146976,0.3599444084656076,0.7502706904423875,family,Diapriidae,Hymenoptera
Dictyopharidae (dictyopharid planthoppers),-0.9626766316231503,-4.201998626418711,-0.12796661326578457,-1.1929878037440764,2.4495491822313102,0.7477292922851574,family,Dictyopharidae,Hemiptera
Dolichopodidae (longlegged flies),-0.24951866117733942,-0.5216861387470506,-0.5826551065357046,-0.19777604250303946,-0.11344550475354145,0.9288839635937743,family,Dolichopodidae,Diptera
"Drosophilidae (fruit flies, vinegar flies)",-0.623372421288477,-0.27808613239469826,-0.021427126977312392,1.02656467239004,-0.8971235899023587,0.06950611253988441,family,Drosophilidae,Diptera
"Dysderidae (woodlouse hunters, cell spiders)",4.023579716281158,-0.7811784188526569,-0.0019467777296178423,0.14971329764984173,-1.612733091680611,0.9380180056675895,family,Dysderidae,Araneae
Ectopsocidae (outer barklice),-1.0564353193408433,-0.9472897323078879,0.7509926785041939,1.8311775838968332,-1.3396813727963646,0.5939833127468901,family,Ectopsocidae,Psocodea
Elateridae (click beetles),-0.03557182715302529,-0.7553429120329679,0.3258327565757324,-0.5562434626705478,0.20792955915836675,-0.42832432919364855,family,Elateridae,Coleoptera
Empididae (dance flies),0.055192021298167984,-1.6880134557672284,-0.4059223708345317,-1.2040801119739837,0.2913382861976938,0.948687699038601,family,Empididae,Diptera
Encyrtidae (chalcid wasps),-0.932482259229152,-2.745155709926252,0.5172103794131554,-1.1566999927584474,-0.21044996166933935,0.7911542620573075,family,Encyrtidae,Hymenoptera
Encyrtidae (Chalcid wasps),-0.7691646883719356,-1.3740584815833632,0.6662235328005863,-1.3200043601849756,-1.8257178776634306,-5.840234472114087,family,Encyrtidae,Hymenoptera
Endomychidae (handsome fungus beetles),-0.9626766316231502,-4.201998626418713,-0.127966613265785,-1.1929878037440775,2.4495491822313116,0.7477292922851575,family,Endomychidae,Coleoptera
Entomobryidae (slender springtails),0.09631617820261991,0.7954989486427964,-0.6125147786001526,0.2096972088051735,0.24874147523120557,-1.0419384378788838,family,Entomobryidae,Collembola
Ephydridae (shore flies),-0.9564247318630071,-1.812710178311719,-1.853631413974146,-1.9465008414942468,3.0751617949542043,1.0898434978193248,family,Ephydridae,Diptera
Erebidae (moths),-0.8418991420471568,1.625373039551129,2.452741357449975,-1.0478365598015575,-8.190447393371288,0.9214291713737578,family,Erebidae,Lepidoptera
Erotylidae (pleasing fungus beetles),-0.8821583052391542,-0.31708418243881753,1.5925053672113882,-1.0962203077823975,-4.643781868170423,0.8635292116775576,family,Erotylidae,Coleoptera
Erythraeidae (mites),-0.8418991420471568,1.625373039551129,2.452741357449975,-1.0478365598015575,-8.190447393371288,0.9214291713737578,family,Erythraeidae,Acari
Eucinetidae (plate-thigh beetles),-0.8418991420471568,1.625373039551129,2.452741357449975,-1.0478365598015575,-8.190447393371288,0.9214291713737578,family,Eucinetidae,Coleoptera
Eucnemidae (false click beetles),-0.9626766316231501,-4.201998626418714,-0.12796661326578454,-1.1929878037440775,2.449549182231311,0.7477292922851578,family,Eucnemidae,Coleoptera
Eulophidae (chalcid wasps),-0.551906245892745,0.46575355752377856,-0.9087007976930626,0.2167709098322724,-0.24158462827281652,-0.7515470061672095,family,Eulophidae,Hymenoptera
Eupelmidae (chalcid wasps),-0.9376690325825785,5.355155166009261,-7.0306258160992305,-4.207039954744755,4.951999633122889,2.1161861144218275,family,Eupelmidae,Hymenoptera
Eurytomidae (chalcid wasps),-0.9626766316231502,-4.201998626418713,-0.127966613265785,-1.1929878037440775,2.4495491822313116,0.7477292922851575,family,Eurytomidae,Hymenoptera
Fanniidae (Calyptrate flies),0.46123228778328135,1.0987999088954055,-1.1303908165652035,4.211868856595649,0.7722721509600456,0.6560424418135729,family,Fanniidae,Diptera
Figitidae (parasitoid wasp),-0.9626766316231501,-4.201998626418714,-0.12796661326578454,-1.1929878037440775,2.449549182231311,0.7477292922851578,family,Figitidae,Hymenoptera
Filistatidae (crevice weavers),-1.335038612662657,1.3103676145232064,-2.017201332322467,6.224802730575738,3.2947743442307,0.4933421750004899,family,Filistatidae,Araneae
Flatidae (flatid planthoppers),-0.9501728321028641,0.5765782697952745,-3.579296214682509,-2.700013879244416,3.7007744076771,1.4319577033534923,family,Flatidae,Hemiptera
Forficulidae (earwigs),1.0787940487371128,-0.17803570985904837,-0.42845690182491936,0.7982844346378959,-0.6312348608852179,0.8737460131969075,family,Forficulidae,Dermaptera
Formicidae (ants),0.0070880492803358924,1.1193966631435766,0.637752311125181,0.2666916114259968,0.24178809332153442,-0.1710499837973452,family,Formicidae,Hymenoptera
Fulgoridae (fulgorid planthoppers),8.94944731939747,-0.2740440442715228,-1.166280927551332,1.4198387770725007,-0.35501707779123254,1.0414567795057208,family,Fulgoridae,Hemiptera
Galumnidae (mites),0.7094736084762856,-2.5761109183992073,0.12909899613925097,-0.7333248329508938,0.20878870962712007,0.8256338533366848,family,Galumnidae,Acari
Gelechiidae (twirler moths),-0.8418991420471568,1.625373039551129,2.452741357449975,-1.0478365598015575,-8.190447393371288,0.9214291713737578,family,Gelechiidae,Lepidoptera
Geocoridae (big eyed bugs),-0.9626766316231503,-4.201998626418711,-0.12796661326578457,-1.1929878037440764,2.4495491822313102,0.7477292922851574,family,Geocoridae,Hemiptera
Geometridae (geometrid moths),0.22932329442925092,0.5040886090177108,-0.34069907829741414,0.4653732098591093,-1.3354538388504573,-5.056107202323108,family,Geometridae,Lepidoptera
Geotrupidae (earth boring scarab beetles),-0.9626766316231503,-4.201998626418711,-0.12796661326578457,-1.1929878037440764,2.4495491822313102,0.7477292922851574,family,Geotrupidae,Coleoptera
Gnaphosidae (ground spiders),-0.27297392229245404,-0.6674711830905178,-0.05383441909396993,-0.9389156696403742,-1.232721187473098,0.9546106698879346,family,Gnaphosidae,Araneae
Gryllidae (crickets),0.564126347758827,-0.4310208704414854,-0.5449002496189054,-1.209626266088936,-0.7877671618191147,1.0491669024153225,family,Gryllidae,Orthoptera
Halictidae (sweat bees),1.097098155041873,3.334618529481104,3.3248655685850843,4.466674107929539,5.929665596492017,0.5513193137292959,family,Halictidae,Hymenoptera
Heleomyzidae (acalyptrate flies),-1.7199043932224494,2.044156959251138,-0.45510644996242466,15.149619340395889,2.888774280784299,-0.4452733533525129,family,Heleomyzidae,Diptera
Hemerobiidae (brown lacewings),-1.18984496010294,-2.328151950717757,-0.2261085642747767,3.7097943394979134,2.581316711797208,0.3898284985938562,family,Hemerobiidae,Neuroptera
Hemipsocidae (leaf litter barklice),-0.8418991420471568,1.625373039551129,2.452741357449975,-1.0478365598015575,-8.190447393371288,0.9214291713737578,family,Hemipsocidae,Psocodea
Heptageniidae (flat-headed mayflies),-0.9626766316231503,-4.201998626418711,-0.12796661326578457,-1.1929878037440764,2.4495491822313102,0.7477292922851574,family,Heptageniidae,Ephemeroptera
Heteroceridae (mud-loving beetles),-0.9626766316231503,-4.201998626418711,-0.12796661326578457,-1.1929878037440764,2.4495491822313102,0.7477292922851574,family,Heteroceridae,Coleoptera
Histeridae (clown beetles),1.0489051763042871,-0.3395026183097115,-1.2000197225464309,-1.2442026689923933,0.26112670528459725,1.1149061299743244,family,Histeridae,Coleoptera
Hyboxidae (dance flies),-0.9626766316231503,-4.201998626418711,-0.12796661326578457,-1.1929878037440764,2.4495491822313102,0.7477292922851574,family,Hyboxidae,Diptera
Hydrophilidae (water scavenger beetles),-0.9626766316231503,-4.201998626418711,-0.12796661326578457,-1.1929878037440764,2.4495491822313102,0.7477292922851574,family,Hydrophilidae,Coleoptera
Hydropsychidae (netspinning caddisflies),-0.932482259229152,-2.745155709926252,0.5172103794131554,-1.1566999927584474,-0.21044996166933935,0.7911542620573075,family,Hydropsychidae,Trichoptera
Hypogastruridae (springtails),-1.0402862290175117,1.9672024573255347,-1.6231403300877874,0.5744797512598645,-0.18976200958019895,1.0629477517539685,family,Hypogastruridae,Collembola
Ichneumonidae (scorpion wasps),0.32449676592567456,-0.16083236406736892,0.8704824319039679,0.00998751998566052,-0.04917972894542198,-1.2936726555164852,family,Ichneumonidae,Hymenoptera
Isotomidae (elongate springtails),5.653741868737455,1.602355692488738,-3.1210625570672987,-0.45578746686658445,1.4139884925134745,1.3996998911444225,family,Isotomidae,Collembola
Issidae (Issid planthoppers),-1.7199043932224494,2.044156959251138,-0.45510644996242466,15.149619340395889,2.888774280784299,-0.4452733533525129,family,Issidae,Hemiptera
Ixodidae (hard ticks),-0.9274638981896456,-1.7438832818425762,-0.05165163969179969,-1.4274058418507247,-0.22477257012470972,0.9195071522308368,family,Ixodidae,Acari
Julidae (millipedes),1.8959365332125369,-0.6044426486069783,-0.9191585947586692,-0.8493969462361007,-0.020928556333971858,1.060230954479814,family,Julidae,Julida
Laemophloeidae (lined flat bark beetles),-0.9460048989294353,2.1694372351999367,-4.72973941515475,-3.202355904411196,4.117849482825696,1.66003384037627,family,Laemophloeidae,Coleoptera
Lampyridae (fireflies),-0.08639152217010598,-0.8869423498344798,2.3160530578608247,1.4405675460270726,1.9177273879985404,0.580803712556926,family,Lampyridae,Coleoptera
Lasiochilidae (minute pirate bugs),-0.9501728321028641,0.5765782697952745,-3.579296214682509,-2.700013879244416,3.7007744076771,1.4319577033534923,family,Lasiochilidae,Hemiptera
Latridiidae (minute brown scavenger beetles),-0.7429185441096746,-0.827514431118024,0.015784736811165545,1.5068733435640074,-0.21349169490283224,-0.8462388672289705,family,Latridiidae,Coleoptera
Lauxaniidae (acalyptrate flies),-0.9330585673795324,-1.8451211681556396,-0.3214380867548874,-1.4956266552013702,0.3631555488631302,0.9383800234311429,family,Lauxaniidae,Diptera
Leiodidae (round fungus beetles),-0.9626766316231502,-4.201998626418713,-0.127966613265785,-1.1929878037440775,2.4495491822313116,0.7477292922851575,family,Leiodidae,Coleoptera
Lepidopsocidae (scaly winged barklice),-0.8381681769695235,-1.130783417262847,1.6296636631248411,-1.4302115585459834,-0.7351704446938271,0.8591262432465271,family,Lepidopsocidae,Psocodea
Lepismatidae (silverfish),-0.6561811273120077,0.777860959294618,1.0841694243859394,-0.8519763344722157,0.6640270877620323,0.06180495864800146,family,Lepismatidae,Zygentoma
Leuctridae (rolled-winged stoneflies),-0.9501728321028641,0.5765782697952745,-3.579296214682509,-2.700013879244416,3.7007744076771,1.4319577033534923,family,Leuctridae,Plecoptera
Linyphiidae (sheetweb & dwarf spiders),0.31821950568157886,-2.270860236251388,-0.04240131748156746,0.08244823439988626,0.6537962244158458,-2.594955561807287,family,Linyphiidae,Araneae
Liposcelididae (booklice),-0.41982560058345986,1.2434753864284958,0.918735454101166,-0.3978864150079678,0.23763455313611392,0.1940312881411408,family,Liposcelididae,Psocodea
Lithobiidae (stone centipedes),0.3969274623981789,-0.25110931702920275,0.7829862097578003,1.577138975796509,-2.448355230379741,0.693704217834971,family,Lithobiidae,Lithobiomorpha
Lonchopteridae (pointed-winged flies),-0.8418991420471568,1.625373039551129,2.452741357449975,-1.0478365598015575,-8.190447393371288,0.9214291713737578,family,Lonchopteridae,Diptera
Lucanidae (stag beetles),-0.9022878868351529,-1.2883127934337917,1.1623873720920954,-1.120412181772817,-2.8704491055699894,0.8345792318294577,family,Lucanidae,Coleoptera
Lycidae (net-winged beetles),4.053774088675157,0.6756644976398035,0.6432302149493218,0.18600110863547167,-4.272732235581262,0.9814429754397395,family,Lycidae,Coleoptera
Lycosidae (wolf spiders),-0.01494055206581854,-0.902107797523658,0.17397599113639667,0.6604525555901462,1.6005700445871565,-0.8951987327600158,family,Lycosidae,Araneae
Lygaeidae (seed bugs),-0.7811359246888632,-0.9078357157760968,-0.5191973638930646,-1.7149047845528758,-0.18291199935165856,-5.690889854233078,family,Lygaeidae,Hemiptera
Lymantriidae (tussock moths),-0.9626766316231501,-4.201998626418714,-0.12796661326578454,-1.1929878037440775,2.449549182231311,0.7477292922851578,family,Lymantriidae,Lepidoptera
Machilidae (jumping bristletails),-0.10390696192729075,-0.4798930732721061,-1.0379081237401087,0.008615097241398095,0.7549643266957108,0.946369132651833,family,Machilidae,Microcoryphia
Megachilidae (leaf cutter & mason bees),-0.5494274201434118,3.7243992019892564,9.243027464662795,2.9743719390408345,4.65737458432428,0.32188539981506703,family,Megachilidae,Hymenoptera
Megaspilidae (megaspilid wasps),-0.9626766316231501,-4.201998626418714,-0.12796661326578454,-1.1929878037440775,2.449549182231311,0.7477292922851578,family,Megaspilidae,Hymenoptera
Meinertellidae (rock bristletails),-0.9376690325825783,5.355155166009261,-7.030625816099231,-4.207039954744755,4.951999633122888,2.1161861144218275,family,Meinertellidae,Microcoryphia
Melandryidae (false darkling beetles),-0.9626766316231503,-4.201998626418711,-0.12796661326578457,-1.1929878037440764,2.4495491822313102,0.7477292922851574,family,Melandryidae,Coleoptera
Melyridae (soft winged flower beetles),-0.34650075453167645,0.6442253527924214,-1.132501057561858,-0.716426469952425,-0.39767095751345477,1.087920012633443,family,Melyridae,Coleoptera
Membracidae (treehoppers),-1.1748267222975852,-0.1774895425388149,0.6232227647405885,4.302931658950085,-0.9507079767852262,0.40796170343546756,family,Membracidae,Hemiptera
Mesopsocidae (middle barklice),-0.8418991420471568,1.625373039551129,2.452741357449975,-1.0478365598015575,-8.190447393371288,0.9214291713737578,family,Mesopsocidae,Psocodea
Micromalthidae (telephone pole beetle),-0.9626766316231503,-4.201998626418711,-0.12796661326578457,-1.1929878037440764,2.4495491822313102,0.7477292922851574,family,Micromalthidae,Coleoptera
Milichiidae (freeloader flies),-0.7878873932842292,-0.6263680762952939,-0.18898195041050447,-1.6407860929138403,-1.0726381542427288,-4.956187740276764,family,Milichiidae,Diptera
Mimetidae (pirate spiders),4.005889143407446,2.540555560868869,-4.098453371825284,-1.3936005888361267,2.2984912776658284,1.5788214469637745,family,Mimetidae,Araneae
Miridae (plant bugs),-0.981596847340089,-1.1118921021280135,-0.13293239000082246,0.3676523944694162,-0.016502600709991103,-0.7058304565149265,family,Miridae,Hemiptera
Miturgidae (prowling spiders),1.575743100920002,-0.3063241478969937,0.9028087935207088,-0.46720553656867286,-3.571590670575626,0.9080111036345988,family,Miturgidae,Araneae
Mogoplistidae (scaly crickets),-0.6298473989500646,-1.2798256431597028,4.612053731814612,-1.8330757897082828,3.4802577001856316,0.7336411203230573,family,Mogoplistidae,Orthoptera
Monotomidae (root-eating beetles),-0.8821583052391542,-0.31708418243881753,1.5925053672113882,-1.0962203077823975,-4.643781868170423,0.8635292116775576,family,Monotomidae,Coleoptera
Mordellidae (tumbling flower beetles),0.13735578885222174,-0.4075333838052751,1.25907257198078,0.3162775050330484,0.4052434912772036,-1.9045023458436177,family,Mordellidae,Coleoptera
Muscidae (house flies),-0.0024865460473118568,-0.8355613106616685,0.693005938935902,-0.3668992495219705,-0.00846118013936508,-2.2211980988383746,family,Muscidae,Diptera
Mutillidae (velvet ants),-0.9501728321028645,0.5765782697952735,-3.579296214682508,-2.7000138792444157,3.7007744076770996,1.4319577033534923,family,Mutillidae,Hymenoptera
Mycetophagidae (hairy fungus beetles),-0.8024686213064304,-0.0758677781053693,3.4575440013275163,0.10076549227415205,-0.08010216982157886,0.6720860882707105,family,Mycetophagidae,Coleoptera
Mycetophilidae (fungus gnats),-0.3764494328222436,-0.30745688958916556,-0.18607929354928726,-0.867857432730266,-1.2846484215574763,0.37904482142175633,family,Mycetophilidae,Diptera
Mymaridae (fairyflies),-1.0190012595122828,-2.9863594434881104,-0.684105000921945,-0.16771434273336233,2.6758319168039706,0.7612257674004652,family,Mymaridae,Hymenoptera
Myopsocidae (mouse-like barklice),-0.9376690325825785,5.355155166009261,-7.0306258160992305,-4.207039954744755,4.951999633122889,2.1161861144218275,family,Myopsocidae,Psocodea
Myrmecophilidae (ant crickets),-1.4170132885827296,-0.45430527501680185,-0.3242505152837684,8.612576482739906,2.713084241363105,0.0319277049025537,family,Myrmecophilidae,Orthoptera
Myrmeleontidae (ant lions),-0.9140816020842946,0.9261765263805591,-1.56861702397168,-2.149288106096796,-0.2629661926723637,1.2617815260269138,family,Myrmeleontidae,Neuroptera
Nitidulidae (sap beetles),0.18733102124425682,-2.001319131486736,0.33786064659276305,0.10988662458199351,-0.358091625057072,0.7529794008238548,family,Nitidulidae,Coleoptera
Noctuidae (owlet moths),-0.34222059395513577,0.03855381621890549,-0.9159960611892823,-0.0717757582367522,0.053334373599823445,-0.7090214186336808,family,Noctuidae,Lepidoptera
Oecobiidae (wall spiders),-0.9179713630123726,0.3099202618344734,-0.08042280274915412,-0.47606711440629,-0.2324689774916909,-0.1330817236581896,family,Oecobiidae,Araneae
Oniscidae (woodlice),5.6454060023905965,-1.583362238320586,-0.8201761561228162,0.5488965834669749,0.5798383422162824,0.9435476170988663,family,Oniscidae,Isopoda
Oonopidae (goblin spiders),-0.7518513101840714,0.9809557861335793,2.436919974435928,-1.1818767017808804,1.2137209802462632,0.9387353630396877,family,Oonopidae,Araneae
Oribatida (moss mites),2.6422609376551915,-0.9456305005971634,-0.46457213415958876,0.09608278036479158,-0.3398644109065676,0.9329062656128555,family,Oribatida,Acari
Oxyopidae (Lynx spiders),-0.9376690325825783,5.355155166009261,-7.030625816099231,-4.207039954744755,4.951999633122888,2.1161861144218275,family,Oxyopidae,Araneae
Paguroidea (hermit crabs),-1.7199043932224494,2.044156959251138,-0.45510644996242466,15.149619340395889,2.888774280784299,-0.4452733533525129,family,Paguroidea,Decapoda
Paradoxosomatidae (millipedes),2.2941891214017427,-0.5031616305533072,0.03549722155019312,0.6347754530400437,-0.3372336411243711,0.8707552285980017,family,Paradoxosomatidae,Polydesmida
Parajulidae (millipedes),8.949447319397468,-0.2740440442715222,-1.166280927551332,1.4198387770725007,-0.3550170777912328,1.041456779505721,family,Parajulidae,Julida
Passalidae (bess beetles),8.94944731939747,-0.2740440442715228,-1.166280927551332,1.4198387770725007,-0.35501707779123254,1.0414567795057208,family,Passalidae,Coleoptera
Pentatomidae (stink bugs),-0.7596889360798349,0.4437515141782407,4.441182556714128,0.6241273525799963,1.1157608026420263,0.6024461696026763,family,Pentatomidae,Hemiptera
Perilampidae (chalcid wasps),-0.8418991420471568,1.625373039551129,2.452741357449975,-1.0478365598015575,-8.190447393371288,0.9214291713737578,family,Perilampidae,Hymenoptera
Phalacridae (shining flower beetles),0.4705950027477948,-2.808380590973422,0.09237533765281732,-0.7989909716356339,0.5288973485705758,0.8145046303293236,family,Phalacridae,Coleoptera
Phalangiidae (harvestmen),4.053774088675157,0.6756644976398035,0.6432302149493218,0.18600110863547167,-4.272732235581262,0.9814429754397395,family,Phalangiidae,Opiliones
Phlaeothripidae (tube tailed thrips),0.2945619983314982,-1.7879386213505866,-0.7979998065661889,-1.2249970945242743,1.0817851341396147,0.9772148158408864,family,Phlaeothripidae,Thysanoptera
Pholcidae (cellar spiders),0.3884691858472811,0.11774871087154382,-0.5928719709901153,0.22543285638788552,0.8577216005654934,-0.09107582755444009,family,Pholcidae,Araneae
Phoridae (scuttle flies),0.1631139972446997,-0.5242993336142149,-0.22783889546181482,0.3665330144535737,-0.6360690465313702,-0.26216271627328125,family,Phoridae,Diptera
Phylloxeridae (plant parasitic hemipterans),4.005889143407446,2.540555560868869,-4.098453371825284,-1.3936005888361267,2.2984912776658284,1.5788214469637745,family,Phylloxeridae,Hemiptera
"Pieridae (white, yellow, sulphur butterflies)",-0.9626766316231503,-4.201998626418711,-0.12796661326578457,-1.1929878037440764,2.4495491822313102,0.7477292922851574,family,Pieridae,Lepidoptera
Pipunculidae (bigheaded flies),-0.9626766316231503,-4.201998626418711,-0.12796661326578457,-1.1929878037440764,2.4495491822313102,0.7477292922851574,family,Pipunculidae,Diptera
Pisauridae (nursery web spider),8.949447319397468,-0.2740440442715222,-1.166280927551332,1.4198387770725007,-0.3550170777912328,1.041456779505721,family,Pisauridae,Araneae
Plateremaeidae (ticks),-0.8418991420471568,1.625373039551129,2.452741357449975,-1.0478365598015575,-8.190447393371288,0.9214291713737578,family,Plateremaeidae,Acari
Platygastridae (parasitic wasps),-0.9483018332077079,-0.9991421077544564,-0.9076260378411052,-1.3915484372640976,0.674257977987719,1.0213486017421438,family,Platygastridae,Hymenoptera
Platygastridae (parasitic wasps),-0.9483018332077079,-0.9991421077544564,-0.9076260378411052,-1.3915484372640976,0.674257977987719,1.0213486017421438,family,Platygastridae,Hemiptera
Platygastridae (parasitic wasps) (parasitoid wasps),-0.6722115005282915,1.068662030609472,-0.7539358142694322,-2.028054973038155,-1.76238870830144,-9.554061342144015,family,Platygastridae,Hymenoptera
Polydesmidae (flat-backed millipedes),2.7528230888144263,-0.7122336477423247,-0.9626171845080718,0.8491482595125088,0.6612206345284317,-1.3307271350606542,family,Polydesmidae,Polydesmida
Pompilidae (spider wasps),0.2566979403260991,-0.7788361017968591,0.3146247485152204,-1.35231576008675,0.15992886317661922,-0.5097985553285818,family,Pompilidae,Hymenoptera
Porcellionidae (woodlice),2.4528545083987408,0.05863117398094926,-0.44456942931143656,0.9126917656675021,-1.0458055323298556,0.9104652716457711,family,Porcellionidae,Isopoda
Proctotrupidae (parasitic wasps),-1.2809017676348027,1.8347649994011348,0.9988174537437756,7.050891390297167,-2.6508365562934952,0.23807790901062165,family,Proctotrupidae,Hymenoptera
Psoquillidae (bird nest barklice),-0.9626766316231503,-4.201998626418711,-0.12796661326578457,-1.1929878037440764,2.4495491822313102,0.7477292922851574,family,Psoquillidae,Psocodea
Psychodidae (sand & moth flies),-0.4755683781998106,0.06088293402440577,-0.9007941904223443,-0.5634349051895384,-0.1612295710253657,-0.01724292723254381,family,Psychodidae,Diptera
Psyllidae (jumping plant lice),-1.1091206641348956,-1.0413367507991478,-1.5739264211718014,1.4727231948837811,3.0378842921202245,0.7828201275849573,family,Psyllidae,Hemiptera
Psyllipsocidae (cave barklice),8.94944731939747,-0.2740440442715228,-1.166280927551332,1.4198387770725007,-0.35501707779123254,1.0414567795057208,family,Psyllipsocidae,Psocodea
Pteromalidae (Pteromalid wasps),-1.1574223485941393,0.005591597968761073,-0.4183684087390771,3.3466273134326943,0.4932963188047563,0.5848977580570175,family,Pteromalidae,Hymenoptera
Ptiliidae (featherwing beetles),2.341364685383723,-2.8926804323696493,-0.4740713846943003,-0.3220456101385514,1.5146937622237964,0.8456384546920118,family,Ptiliidae,Coleoptera
Ptilodactylidae (toe winged beetles),-0.2000550491412418,0.2208846523183484,0.8098022789211455,0.38227146206355056,-0.35488886846521833,0.8373177183916136,family,Ptilodactylidae,Coleoptera
Pulicidae (fleas),-1.0146319299087778,2.814190634496466,-2.9750117015906485,-0.6209001752412904,1.095678401095573,1.326257342420934,family,Pulicidae,Siphonaptera
Pyralidae (pyralid moths),-0.7317693281927761,0.060478922319900444,-0.16697680732730985,1.5414218941086846,-0.7645563061584139,0.7562148858778696,family,Pyralidae,Lepidoptera
Reduviidae (assassin bugs),0.08247536442171086,-1.940328021454667,0.06269722181666815,0.748840354065707,0.4004534558051505,-2.1208107304531674,family,Reduviidae,Hemiptera
Rhaphidophoridae (camel crickets),2.846359506436915,-0.2474102092018741,-0.9732511227227262,0.11269708413994466,-0.061329869972859316,-1.2588121414087734,family,Rhaphidophoridae,Orthoptera
Rhinophoridae (woodlouse flies),-0.9335196138998368,-1.12509353473915,-0.9923568596893215,-1.7667679851557092,0.8220399572891061,1.0561606325302113,family,Rhinophoridae,Diptera
Rhinotermitidae (subterranean termites),-0.23549939756247676,-0.8078619105401184,-0.13489303893000293,0.5770063746372042,-0.3670685623676265,-1.1879577416792164,family,Rhinotermitidae,Isoptera
Rhopalosomatidae (Rhopalosomatid wasps),8.94944731939747,-0.2740440442715228,-1.166280927551332,1.4198387770725007,-0.35501707779123254,1.0414567795057208,family,Rhopalosomatidae,Hymenoptera
Rhyparochromidae (dirt colored seed bugs),-0.03032433622251424,0.03262530226898223,-1.8459475547001243,-1.0063496546204291,1.3983494468527187,1.1346956208036942,family,Rhyparochromidae,Hemiptera
Salticidae (jumping spider),-0.4550755675069861,-0.7946088516842627,0.3803381543674396,-0.3875480343761788,0.06473048333081581,-1.4727310455549012,family,Salticidae,Araneae
Sarcophagidae (flesh flies),-0.9253439283031568,-0.34337377248810974,-0.603120399467428,0.06003002373111318,0.031092309563696754,-2.9429457434171877,family,Sarcophagidae,Diptera
Scarabaeidae (scarab beetles),0.425920012607712,-0.33154390606022927,0.7828967113574078,0.353370558772378,0.2499406554552829,-0.21223729762115193,family,Scarabaeidae,Coleoptera
Scatopsidae (minute black scavenger flies),-0.7427489621583503,-0.055973082406017845,-1.2126754045563717,0.3801152914599721,0.9403133942920131,-0.4820744383125791,family,Scatopsidae,Diptera
Scenopinidae (window flies),-0.9626766316231503,-4.201998626418711,-0.12796661326578457,-1.1929878037440764,2.4495491822313102,0.7477292922851574,family,Scenopinidae,Diptera
Sciaridae (dark winged fungus gnats),-0.4433628989666446,0.804385571295214,-0.912188388650111,-0.24631231740916915,-0.7631386057129045,-0.3509622915234115,family,Sciaridae,Diptera
Scirtidae (marsh beetles),-0.8418991420471564,1.62537303955113,2.4527413574499763,-1.0478365598015575,-8.190447393371292,0.9214291713737581,family,Scirtidae,Coleoptera
Scolopendridae (tropical centipedes),1.5476326951127173,-0.9667375816871233,-0.3175897993943518,-0.7546643601376926,-0.7030539891006772,0.9786242023738374,family,Scolopendridae,Scolopendromorpha
Scraptiidae (false flower beetles),-0.9963027856077636,-1.17605095587259,-0.0813916248460397,0.058285716707454395,-0.1848430157108017,0.811052366263776,family,Scraptiidae,Coleoptera
Scutigeridae (house centipedes),0.8495482124224346,0.4091721111809553,-0.5341668219083765,1.1456398912499823,-0.8467629368109485,0.8786498858801177,family,Scutigeridae,Scutigeromorpha
Scydmaenidae (ant like stone beetles),-1.1748267222975852,-0.1774895425388149,0.6232227647405885,4.302931658950085,-0.9507079767852262,0.40796170343546756,family,Scydmaenidae,Coleoptera
Scytodidae (spitting spider),-0.31180702209460626,1.215959093170372,-1.8316944987515429,-0.8952692740291949,0.2886775016031722,1.1902498568598665,family,Scytodidae,Araneae
Segestriidae (tube web spiders),5.685665165582594,0.35909498366936143,0.0400598341157705,0.5972803314478147,-2.966827182984585,1.0014475767950666,family,Segestriidae,Araneae
Sepsidae (black scavenger flies),-0.9376690325825785,5.355155166009261,-7.0306258160992305,-4.207039954744755,4.951999633122889,2.1161861144218275,family,Sepsidae,Diptera
Silvanidae (flat bark beetles),0.43380031345784714,-1.0752229334217247,-0.33065460857721746,-0.18140962297890498,-0.1348716263104381,-0.6035820440624391,family,Silvanidae,Coleoptera
Sminthuridae (globular springtails),1.5455487285260034,-1.763167064389454,0.2576318008417688,-0.5034933475543024,-0.9115915266749752,0.8645861338624485,family,Sminthuridae,Collembola
Sphaeroceridae (lesser dung flies),2.295590440377478,0.39033515082500564,0.35857983349295425,-1.0230020749051423,0.6045078755711839,1.0795348709812937,family,Sphaeroceridae,Diptera
Sphecidae (thread-waisted wasps),-0.26195345433973943,0.7328050392069736,0.5772950977587626,-1.8906630103695645,0.2378549474122371,1.1117029111428047,family,Sphecidae,Hymenoptera
Spirobolidae (round-backed millipedes),5.584387655510704,-0.2664197901457674,-1.42265940941699,1.6596094995619157,0.8249779713366624,0.9581687984737828,family,Spirobolidae,Spirobolida
Spongiphoridae (little earwigs),-0.9501728321028641,0.5765782697952745,-3.579296214682509,-2.700013879244416,3.7007744076771,1.4319577033534923,family,Spongiphoridae,Dermaptera
Staphylinidae (rove beetles),0.029919586038306707,-0.37423009839055915,-0.9828723673896965,-0.24072814207240517,0.454910283597283,-0.3687734815354683,family,Staphylinidae,Coleoptera
Stenopsocidae (narrow barklice),-0.7097255849271927,2.465270829111663,4.114097992924673,0.7046176117267341,4.2747345136654085,0.7659143212304373,family,Stenopsocidae,Psocodea
Stratiomyidae (soldier flies),-0.15602706582933307,-1.8404569504965493,-0.6722749307054913,-0.06722267800995112,1.4660850254212567,-3.297034416149581,family,Stratiomyidae,Diptera
Syrphidae (hover flies),-0.9626766316231501,-4.201998626418714,-0.12796661326578454,-1.1929878037440775,2.449549182231311,0.7477292922851578,family,Syrphidae,Diptera
"Tabanidae (horse flies, deer flies)",-0.8711244974134124,-1.332843057683219,0.01619428513468314,1.3130408970438796,0.3690628106646873,-8.29295612754965,family,Tabanidae,Diptera
Tachinidae (Tachina flies),-1.0065538863866303,-1.5655241171321153,0.6959205062287314,0.6712411824745372,-1.0483135542414468,0.6730734024660608,family,Tachinidae,Diptera
Tenebrionidae (darkling beetles),0.5815023150453168,-0.2996881104930797,0.49771702937453677,-1.000254590798278,-0.2510686860259275,0.1092627236354274,family,Tenebrionidae,Coleoptera
Tephritidae (fruit flies),-0.9626766316231502,-4.201998626418713,-0.127966613265785,-1.1929878037440775,2.4495491822313116,0.7477292922851575,family,Tephritidae,Diptera
Tetragnathidae (long jawed orb weaver),-0.9626766316231503,-4.201998626418711,-0.12796661326578457,-1.1929878037440764,2.4495491822313102,0.7477292922851574,family,Tetragnathidae,Araneae
Tetranychidae (spider mites),1.6059374733140004,1.150518768595466,1.5479857861996487,-0.43091772558304287,-6.231589814476275,0.9514360734067486,family,Tetranychidae,Acari
Tetratomidae (polypore fungus beetles),-0.9376690325825785,5.355155166009261,-7.0306258160992305,-4.207039954744755,4.951999633122889,2.1161861144218275,family,Tetratomidae,Coleoptera
Tettigoniidae (katydids),-1.3412905124227998,-1.078920833583787,-0.2915365316141046,6.978315768325909,2.669161731507805,0.1512279694663219,family,Tettigoniidae,Orthoptera
Theridiidae (cobweb spiders),0.249825000554343,1.143953994765652,-0.0774293611910297,-0.13408763905219248,0.5054352385224645,0.12680874099239983,family,Theridiidae,Araneae
Thomisidae (crab spiders),-0.3375957619960028,-0.903505044145547,2.11197632061815,-0.3516292104374231,-0.7094544760507547,0.750802717776836,family,Thomisidae,Araneae
Thripidae (thrips),-0.9040500901287134,-0.39476005283043786,0.4417832180569584,0.3343602228692028,1.6150770638357321,-1.5245262128222146,family,Thripidae,Thysanoptera
Throscidae (false metallic wood boring beetles),-0.3265275478104917,-1.7211066958750763,-0.16303257604367458,-0.10119878335851547,0.3306904864055919,0.8137480456841816,family,Throscidae,Coleoptera
Tineidae (clothes moths),-0.9504907034082224,-0.01054157378876983,-0.5549780159728662,-0.0322793383334098,-0.44735924713280567,-1.269851931585975,family,Tineidae,Lepidoptera
Tingidae (lace bugs),0.1710671604050446,-0.3467757932028435,-1.2037684775458868,-1.5402072741107145,0.32958712562635617,1.12306716891528,family,Tingidae,Hemiptera
Tiphiidae (tiphiid wasps),0.91352127483937,7.503667607165503,25.73144748650084,-5.178666963471834,19.273796865559834,0.489500381423958,family,Tiphiidae,Hymenoptera
Tipulidae (large crane flies),-0.5266452945850558,0.27398297009532074,-0.37798404194368174,0.04841379433814385,-0.2513791336413,0.9382391004313044,family,Tipulidae,Diptera
Tomoceridae (elongate bodied springtails),-0.4460214295431355,-0.8978458412933533,0.1470529812425143,0.3921776961757329,-0.8277404086682253,-1.8975922807071552,family,Tomoceridae,Collembola
Tortricidae (leafroller moths),-0.9383791168537227,-1.637911050019077,-0.8482918186187325,-1.6711379549204373,1.0932914947794734,1.0047554091560358,family,Tortricidae,Lepidoptera
Torymidae (chalcid wasps),-0.9022878868351533,-1.2883127934337912,1.1623873720920956,-1.1204121817728177,-2.87044910556999,0.8345792318294578,family,Torymidae,Hymenoptera
Trachelipodidae (woodlice),-1.2150858854895832,-2.119946764528762,-0.23701322549799833,4.254547910969245,2.5959575484156407,0.35006174373926735,family,Trachelipodidae,Isopoda
Trichoceridae (winter crane flies),-0.16656284571004876,-0.34957316816174067,-1.205210306391831,-1.654055199156223,0.3559180565270329,1.1262060300464167,family,Trichoceridae,Diptera
Trichogrammatidae (Chalcid wasps),-0.9626766316231503,-4.201998626418711,-0.12796661326578457,-1.1929878037440764,2.4495491822313102,0.7477292922851574,family,Trichogrammatidae,Hymenoptera
Trogidae (hide beetles),-0.9626766316231503,-4.201998626418711,-0.12796661326578457,-1.1929878037440764,2.4495491822313102,0.7477292922851574,family,Trogidae,Coleoptera
Trogossitidae (bark gnawing beetles),-0.944453495546079,-2.278932944118986,-0.6682105172804955,-1.551600417126347,1.4323559166424331,0.9404988799383164,family,Trogossitidae,Coleoptera
Trombidiidae (velvet mites),-0.9022878868351529,-1.2883127934337917,1.1623873720920954,-1.120412181772817,-2.8704491055699894,0.8345792318294577,family,Trombidiidae,Acari
Ulidiidae (picture-winged flies),-1.7199043932224494,2.044156959251138,-0.45510644996242466,15.149619340395889,2.888774280784299,-0.4452733533525129,family,Ulidiidae,Diptera
Uloboridae (cribellate orb weavers),8.94944731939747,-0.2740440442715228,-1.166280927551332,1.4198387770725007,-0.35501707779123254,1.0414567795057208,family,Uloboridae,Araneae
Un ID family,0.7451010532479495,-0.4935728914415107,0.6152162196341123,0.09457520977712763,-0.2387246448053141,-0.157702809805348,family,Un ID family,Araneae
Un ID family,0.7451010532479495,-0.4935728914415107,0.6152162196341123,0.09457520977712763,-0.2387246448053141,-0.157702809805348,family,Un ID family,Diplopoda
Un ID family,0.7451010532479495,-0.4935728914415107,0.6152162196341123,0.09457520977712763,-0.2387246448053141,-0.157702809805348,family,Un ID family,Julida
Un ID family,0.7451010532479495,-0.4935728914415107,0.6152162196341123,0.09457520977712763,-0.2387246448053141,-0.157702809805348,family,Un ID family,Polydesmida
Un ID family,0.7451010532479495,-0.4935728914415107,0.6152162196341123,0.09457520977712763,-0.2387246448053141,-0.157702809805348,family,Un ID family,Lepidoptera
Un ID family,0.7451010532479495,-0.4935728914415107,0.6152162196341123,0.09457520977712763,-0.2387246448053141,-0.157702809805348,family,Un ID family,Psocodea
Un ID family,0.7451010532479495,-0.4935728914415107,0.6152162196341123,0.09457520977712763,-0.2387246448053141,-0.157702809805348,family,Un ID family,Acari
Un ID family,0.7451010532479495,-0.4935728914415107,0.6152162196341123,0.09457520977712763,-0.2387246448053141,-0.157702809805348,family,Un ID family,Hemiptera
Un ID family,0.7451010532479495,-0.4935728914415107,0.6152162196341123,0.09457520977712763,-0.2387246448053141,-0.157702809805348,family,Un ID family,Coleoptera
Un ID family,0.7451010532479495,-0.4935728914415107,0.6152162196341123,0.09457520977712763,-0.2387246448053141,-0.157702809805348,family,Un ID family,Hymenoptera
Un ID family,0.7451010532479495,-0.4935728914415107,0.6152162196341123,0.09457520977712763,-0.2387246448053141,-0.157702809805348,family,Un ID family,Pseudoscorpiones
Un ID family,0.7451010532479495,-0.4935728914415107,0.6152162196341123,0.09457520977712763,-0.2387246448053141,-0.157702809805348,family,Un ID family,Diptera
Un ID family,0.7451010532479495,-0.4935728914415107,0.6152162196341123,0.09457520977712763,-0.2387246448053141,-0.157702809805348,family,Un ID family,Thysanoptera
Un ID family,0.7451010532479495,-0.4935728914415107,0.6152162196341123,0.09457520977712763,-0.2387246448053141,-0.157702809805348,family,Un ID family,Geophilomorpha
Un ID family,0.7451010532479495,-0.4935728914415107,0.6152162196341123,0.09457520977712763,-0.2387246448053141,-0.157702809805348,family,Un ID family,Isopoda
Un ID family,0.7451010532479495,-0.4935728914415107,0.6152162196341123,0.09457520977712763,-0.2387246448053141,-0.157702809805348,family,Un ID family,Blattodea
Un ID family,0.7451010532479495,-0.4935728914415107,0.6152162196341123,0.09457520977712763,-0.2387246448053141,-0.157702809805348,family,Un ID family,Trichoptera
Un ID family,0.7451010532479495,-0.4935728914415107,0.6152162196341123,0.09457520977712763,-0.2387246448053141,-0.157702809805348,family,Un ID family,Collembola
Un ID family,0.7451010532479495,-0.4935728914415107,0.6152162196341123,0.09457520977712763,-0.2387246448053141,-0.157702809805348,family,Un ID family,Un ID order
Un ID family,0.7451010532479495,-0.4935728914415107,0.6152162196341123,0.09457520977712763,-0.2387246448053141,-0.157702809805348,family,Un ID family,Opiliones
Un ID family,0.7451010532479495,-0.4935728914415107,0.6152162196341123,0.09457520977712763,-0.2387246448053141,-0.157702809805348,family,Un ID family,Dermaptera
Un ID family,0.7451010532479495,-0.4935728914415107,0.6152162196341123,0.09457520977712763,-0.2387246448053141,-0.157702809805348,family,Un ID family,Lithobiomorpha
Un ID family,0.7451010532479495,-0.4935728914415107,0.6152162196341123,0.09457520977712763,-0.2387246448053141,-0.157702809805348,family,Un ID family,Scutigeromorpha
Un ID family,0.7451010532479495,-0.4935728914415107,0.6152162196341123,0.09457520977712763,-0.2387246448053141,-0.157702809805348,family,Un ID family,Spirobolida
Un ID family,0.7451010532479495,-0.4935728914415107,0.6152162196341123,0.09457520977712763,-0.2387246448053141,-0.157702809805348,family,Un ID family,Plecoptera
Un ID family,0.7451010532479495,-0.4935728914415107,0.6152162196341123,0.09457520977712763,-0.2387246448053141,-0.157702809805348,family,Un ID family,Microcoryphia
"Vespidae (yellowjackets, etc)",0.5958625053405878,0.7781571566063035,6.3634375864447685,-1.7399964711675633,2.3299868911009427,0.7808814370367092,family,Vespidae,Hymenoptera
Xyelidae (saw flies),-0.9376690325825785,5.355155166009261,-7.0306258160992305,-4.207039954744755,4.951999633122889,2.1161861144218275,family,Xyelidae,Hymenoptera
Xylomyidae (wood soldier flies),-0.9626766316231503,-4.201998626418711,-0.12796661326578457,-1.1929878037440764,2.4495491822313102,0.7477292922851574,family,Xylomyidae,Diptera
Xystodesmidae (millipedes),8.94944731939747,-0.27404404427152224,-1.1662809275513322,1.4198387770725003,-0.35501707779123237,1.0414567795057206,family,Xystodesmidae,Polydesmida
Yponomeutidae (Ermine moths),-0.9626766316231503,-4.201998626418711,-0.12796661326578457,-1.1929878037440764,2.4495491822313102,0.7477292922851574,family,Yponomeutidae,Lepidoptera
Zopheridae (ironclad beetles),-1.1862482974348902,1.0539955511924028,1.0397099333308555,5.008065497279671,-2.705739693612619,0.3872032397153309,family,Zopheridae,Coleoptera
attic,0.31382018432394,2.0956158954461865,5.3662607129692566,-1.046352772925104,3.3735622076278626,0.07061452234951529,room,,
basement,3.074386207222747,-0.0765347141282432,-0.24322640710700194,0.2868792783887388,-0.062139920071435636,0.1502388472477367,room,,
bath,-0.32211561651003395,1.49558174428638,-1.4662280901342066,-0.8500349517557513,0.866766363214194,0.3052775387791845,room,,
bed,-0.2892159725408275,0.45393236428281863,0.5115160968874266,-0.2117160067743804,-1.433603559411538,0.13292386131792444,room,,
common,-0.3307064283023372,-1.1735294758735293,-0.02668727477147042,-0.24104390286503008,0.4287534316431252,0.1078662015908178,room,,
kitchen,-0.5908354064283037,0.5708898689092954,-0.09491187248340738,3.060989694335507,0.505632585421472,-0.06423440380268697,room,,
other,0.07663645218230958,0.2623566853381675,-0.31627861443080413,-0.5343377637768282,0.029301051310826443,-7.570257576128296,room,,
